WDI - Website Development India, is a leading Mobile Application Development company since 1999.
Providing reliability, trustworthiness, affordability and a professional look with great speed and performance. 
We pride ourselves on our management team for its vision-led outlook backed by oodles of determination and experience in equal measure. 
Launching your product is not the hard part, what's important is knowing who can build a strong one for you.
Perfectionists At It's Best!
Our Website address is https://www.wdipl.com/
If you want to know more about our services you can contact us on below co-ordinates:
Rizwan Abdul Aziz - Contact Number - 9324092503
As a Global Mobile App Development Company, we believe in developing and in building advanced websites with appealing designs, great development, and mobile apps with the help of the latest technologies and Digital Marketing Services.
We proudly build on strategies and processes, with the help of Agile Scrum that helps our clients achieve their desired goal and take their business and our relation with them to the next level. 
This bond has helped us as a Web Development Company to create and have a relationship of trust and security.
Our Company Vision as below
Website Developers India comprises a team of brilliant engineers, and agile specialists, working towards one vision - Making Technology Solve Real-Life Problems. We know how these tech games could be a little overwhelming at times and may make things really hard for you. 
But, we make it really easy for you by following our motto - Plan Well | Work Hard | Keep Improving.
Talk to Website Developers India Today to discuss your project requirements and say GOODBYE to competition!
WDI has successfully delivered 1000 plus website and 100 plus mobile apps.
Below are 7 Amazing Facts about WDI
1. Have Been Providing Award- Winning Services For Software & Mobile Development For 2 Decades Now.
2. Awarded as the Best Mobile App Development Company 2021 for Sattva Connect - an Authentic Yoga & Fitness App.
3. Best Web Development Company 2019 - Customer Experience â€“ Winners at Digital Customer Experience Awards.
4. Featured as the Best Web Development Company in The KATY Times for CSE - A Global Trading Card Stock Exchange.
5. Built A Mobile Application For India's Leading Casting Company - MCCC
6. 95% Of Our Employees Fall Under The Age- Group Of 25 years - Young, Enthusiasts and Passionate at Delivering The Best.
7. Created A Multi-Language Website for BDS - World's leading Manufacturers Offering More Than 27 Types of Magnetic Base Drilling Machines.
Below are our(WDI) offices including. Head Office is in India.
India Office Address: 614, Palm Spring Centre, Link Road, Malad (West), Mumbai - 400064. India.
India Contact:+91 22 6910 4444, web:ideas@wdipl.com.
USA Office Address: 215 Jefferson Street, Fort Collins, CO 80524.
USA contact:+1 917 421 9667, dave@wdipl.com
UK Office Address: 2, Frederick Street, Kings Cross, London, WC1X 0ND, England, UK.CRN-14194669.
UK Contact: +44 333 006 5300, ideas@wdipl.com
Australia Office Address: Perth, WA 6000.
Australia Office contact: +61 406 488 065, dale.foster@wdipl.com